id,block_id,timestamp
1,5000000,1726722084
2,5000001,1726722084
3,5000002,1726722084
4,5000003,1726722084
5,5000004,1726722084
6,5000005,1726722084
7,5000006,1726722084
8,5000007,1726722084
9,5000008,1726722084
10,5000009,1726722084
11,5000010,1726722084
12,5000011,1726722087
13,5000012,1726722087
14,5000013,1726722087
15,5000014,1726722087
16,5000015,1726722087
17,5000016,1726722087
18,5000017,1726722087
19,5000018,1726722087
20,5000019,1726722087
21,5000020,1726722087
22,5000021,1726722090
23,5000022,1726722090
24,5000023,1726722090
25,5000024,1726722090
26,5000025,1726722090
27,5000026,1726722090
28,5000027,1726722090
29,5000028,1726722090
30,5000029,1726722090
31,5000030,1726722090
32,5000031,1726722090
33,5000032,1726722093
34,5000033,1726722093
35,5000034,1726722093
36,5000035,1726722093
37,5000036,1726722093
38,5000037,1726722093
39,5000038,1726722093
40,5000039,1726722093
41,5000040,1726722093
42,5000041,1726722093
43,5000042,1726722096
44,5000043,1726722096
45,5000044,1726722093
46,5000045,1726722096
47,5000046,1726722096
48,5000047,1726722096
49,5000048,1726722096
50,5000049,1726722096
51,5000050,1726722096
52,5000051,1726722096
53,5000052,1726722096
54,5000053,1726722096
55,5000054,1726722099
56,5000055,1726722099
57,5000056,1726722099
58,5000057,1726722099
59,5000058,1726722099
60,5000059,1726722099
61,5000060,1726722102
62,5000061,1726722102
63,5000062,1726722102
64,5000063,1726722102
65,5000064,1726722102
66,5000065,1726722102
67,5000066,1726722102
68,5000067,1726722102
69,5000068,1726722105
70,5000069,1726722105
71,5000070,1726722105
72,5000071,1726722105
73,5000072,1726722105
74,5000073,1726722105
75,5000074,1726722108
76,5000075,1726722105
77,5000076,1726722108
78,5000077,1726722108
79,5000078,1726722108
80,5000079,1726722108
81,5000080,1726722108
82,5000081,1726722111
83,5000082,1726722108
84,5000083,1726722111
85,5000084,1726722111
86,5000085,1726722111
87,5000086,1726722111
88,5000087,1726722114
89,5000088,1726722114
90,5000089,1726722114
91,5000090,1726722114
92,5000091,1726722114
93,5000092,1726722117
94,5000093,1726722117
95,5000094,1726722117
96,5000095,1726722117
97,5000096,1726722117
98,5000097,1726722117
99,5000098,1726722117
100,5000099,1726722117
